Brand,Name,Quantity
Jovan,Jovan Black Musk,11
Amouage,Amouage Sunshine,16
Dunhill,Dunhill Desire Blue Ocean,9
Batalat,Batalat Clementine Lmprober Oud ,12
Giorgio Armani,Giorgio Armani My Way Gift Set ,8
Kun Safi,Kun Safi Honey Safi Perfume Oil ,7
Bvlgari,Bvlgari Omnia Crystalline Gift Set ,9
Salvatore Ferragamo,Salvatore Ferragamo Signorina In Fiore,3
B96,B96 Michel Girard Geranium Pepper EDP,2
Joyau Unique & Sensoriel Parfums,Joyau Unique & Sensoriel Parfums Coffeeze EDP,18
Lalique,Lalique Rose Royale Noir Premier 1938,17
Esteban,Dize Lema Home Fragrance ,11
Calvin Klein,Calvin Klein Escape for Men,12
Chloe,Chloe Love Story EDP,7
Jo Malone,Jo Malone English Oak & Hazelnut EDC,4
Penhaligon's,Penhaligon's The Revenge of Lady Blanche,20
Tous Les Jours,Tous Les Jours Perfume Day 355,13
Tous Les Jours,Tous Les Jours Perfume Day 165,3
Mauboussin,Mauboussin Private Club Gift Set ,7
Fragrances Hubert Fattal,Fragrances Hubert Fattal Fig Tree Bay EDT,4
Givenchy,Givenchy Play In The City Pour Homme,19
Stephane Humbert,StÃ©phane Humbert Lucas 777 Isra & Miraj EDP,13
RPL,RPL Jardin Byzantine EDP,5
Al Dakheel Oud,Al Dakheel Oud Majesta EDP,1
Hermes,Hermes Terre D'Hermes Eau Intense Vetiver Set ,15
Xerjoff,Xerjoff XXY EDP,7
Miu Miu,Miu Miu L'eau Bleue Gift Set ,6
Ralph Lauren,Ralph Lauren The Big Pony Collection 2,14
Guerlain,Guerlain Jicky EDT,20
Parfums GrÃƒÂ¨s,Parfums Gres Cabotine Gold,20
Hermes,Hermes 24 Faubourg,19
Byredo,Byredo 1996 Inez & Vinoodh EDP,3
Exclusive Bundles,Gheer Albagi Set,17
Alexandre.J,Alexandre.J The Collector Iris Violet ,17
Alwaleef,Alwaleef Alwaleed Mabthoth,20
Hugo Boss,Hugo Boss The Scent For Him,17
Tom Ford,Tom Ford White Suede EDP,7
Kholasaat,Kholasaat Majesty Lyrique,16
Escada,Escada Delicate Notes,1
Laboratorio Olfattivo,Laboratorio Olfattivo Tonkade EDP,2
Dkhoun,Dkhoun Duo Set,11
Al Dakheel Oud,Al Dakheel Oud Rashoosh Crown Red ,16
Parfums de Marly,Marly Delina,2
Alexandre.J,Alexandre.J The Collector Rose Oud,5
Guerlain,Guerlain L'Instant De Guerlain,7
Gucci,Gucci Guilty Intense,15
Moschino,Moschino Pink Bouquet,6
Kenzo,Kenzo Jeu D'Amour FÃƒÂ©lin,4
Gucci,Gucci Guilty Pour Homme,17
Dunhill,Dunhill Signature Collection Arabian Desert,4
Dolce & Gabbana,Dolce & Gabbana The Only One,1
Hermes,Hermes Un Jardin sur la Lagune,14
Chopard,Chopard Vanille De Madagascar,18
Rasasi,Rasasi Kauser Perfume Aqua ,5
Al Dakheel Oud,Al Dakheel Oud Oud Almarasim ,19
Mancera,Mancera Wild Fruits EDP,9
Elie Saab,Elie Saab Le Parfum Royal,12
Initio,Initio Musk Therapy Extrait De Parfum,9
Acqua Di Parma,Acqua Di Parma Leather EDP,19
Britney Spears,Britney Spears Prerogative EDP,19
Dolce & Gabbana,Dolce & Gabbana Dolce Floral Drops,6
Comme Des Garcons,Comme Des Garcons 2,12
Elie Saab,Elie Saab Essence No.7 Neroli,20
Burberry,Burberry Mr Burberry Gift Set ,15
Giorgio Armani,Giorgio Armani Prive Cuir Zerzura EDP,14
S.T. Dupont,S.T. Dupont Essence Pure Pour Femme,5
Lancome,Lancome La Vie Est Belle En Rose EDT,3
Wadi Halfa,Wadi Halfa Square Wooden Incense Burner ,20
Hermes,Hermes Le Jardin De Monsieur Li,9
Costume National,Costume National Scent Intense,10
Hermes,Hermes Jour D'Hermes Gift Set,6
Narciso Rodriguez,Narciso Rodriguez Eau de Rouge,3
Maurer & Wirtz,Maurer & Wirtz Tabac Original EDC,16
Al Majed For Oud,Al Majed For Oud Rannan VIP Black EDP,11
Burberry,Burberry Brit For Him,12
Lacoste,Lacoste Booster,19
Givenchy,Givenchy Live Irresistible Blossom Crush,2
Mont Blanc,Mont Blanc Femme Individuelle,3
Les Eaux Primordiales,Les Eaux Primordiales Superfluide Rosewood EDP,17
Calvin Klein,Calvin Klein Eternity Aqua,7
Jimmy Choo,Jimmy Choo Jimmy Choo Man Gift Set ,3
Jennifer Lopez,Jennifer Lopez Still,1
SAP,SAP Vert Club Extrait De Parfum,13
Solinotes,Solinotes Vanille Perfume Set ,15
Creed,Creed Jardin D'amalfi,15
Halloween,J. Del Pozo Halloween,8
Calvin Klein,Calvin Klein Ckin2U ,3
Burberry,Burberry My Burberry EDT,11
Creed,Creed Aqua Fiorentina,20
Versace,Versace Dylan Blue Set ,16
Creed,Creed Pure White,4
Guerlain,Guerlain L'Instant,18
Calvin Klein,Calvin Klein Euphoria Women,1
Givenchy,Givenchy Ysatis,20
Oud Lover,Oud Lover Dokhon Alfkhamah ,2
Dior,Dior Sauvage EDT,7
Oud Lover,Oud Lover Dukhoon Almanzel Home Fragrance Set,9
Atkinsons,Xerjoff Casamorati 1888 Fiore D'ulivo EDP,8
Tom Ford,Tom Ford Venetian Bergamot,19
Hermes,Hermes Eau de citron noir EDC,2
Al Dakheel Oud,Al Dakheel Oud Green Tag EDP,9
Hugo Boss,Hugo Boss Boss Bottled Tonic,1
Hugo Boss,Hugo Boss Hugo Just Different,19
Valentino,Valentino Valentina,7
Dr. Vranjes Firenze,Dr. Vranjes Firenze Ginger Lime Diffuser ,14
Bvlgari,Bvlgari Le Gemme Kobraa,16
Jo Malone,Jo Malone Tuberose Angelica Intense EDC,9
Bath & Body Works,Bath & Body Works Sunshine Mimosa Body Mist ,15
Chopard,Chopard Rose Malaki,9
Chopard,Chopard Rose Seljuke,7
LPDO Perfume,LPDO Perfume Fleur Noire EDP,6
Ibraheem Al.Qurashi,Ibraheem Al.Qurashi Powder Musk Spray,20
Tom Ford,Tom Ford Costa Azzura EDP,5
Givenchy,Givenchy Gentleman Set ,20
Ajwa,Ajwa Home White Jasmine ,5
Calvin Klein,Calvin Klein Obsession Night,16
Creed,Creed Bois Du Portugal,2
Givenchy,Givenchy Very Irresistible Edition Croisiere,9
Guerlain,Guerlain Mon Guerlain,2
Parfums de Marly,Marly Carlisle,6
Valentino,Valentino Uomo,3
Versace,Versace Yellow Diamond,4
Atkinsons,Atkinsons Mint & Tonic,5
Baldessarini,Baldessarini Cool Force EDT,10
Trussardi,Trussardi Donna,3
Memo Paris,Memo Paris Moon Leather,6
Ajwa,Ajwaak Al Musk Al Fady Perfume Set ,19
Prada,Prada Candy,5
Prada,Prada Nue au Soleil EDP,15
Tiziana Terenzi,Tiziana Terenzi Kirke,17
Calvin Klein,Calvin Klein Man,8
Dunhill,Dunhill X,20
Lacoste,Lacoste Eau de Lacoste L.12.12 Blanc Pure,16
Thameen Fragrance,Laboratorio Olfattivo Di,19
Unique Luxury,Unique Luxury Black Gold EDP,4
Giorgio Armani,Giorgio Armani Prive Cuir Zerzura EDP,3
Acqua Di Parma,Acqua Di Parma Camelia EDP,6
Dior,Dior Joy,8
Korloff,Korloff Ultimate Man Voyager Collection,12
Creed,Creed Pure White Cologne Le Royal Exclusives,4
Tom Ford,Tom Ford Lost Cherry,12
Initio,Initio Oud for Greatness,4
Pascal Morabito,Pascal Morabito Pure Essence ,10
Cristiano Ronaldo,Cristiano Ronaldo Legacy,10
Exclusive Bundles,The Oud Set,10
Paris Hilton,Paris Hilton Can Can Bling Collection Parfum Spray,18
Lacoste,Lacoste Touch Of Pink,2
Palquis,Palquis Deep Sea Gold EDP,20
Al Dakheel Oud,Al Dakheel Oud Mamoul Al,8
Fragrances Hubert Fattal,Fragrances Hubert Fattal Cedre Vert EDT,16
Bvlgari,Bvlgari Goldea The Roman Night Gift Set Sensuelle ,14
Tiziana Terenzi,Tiziana Terenzi Kirke,12
Mandarina Duck,Mandarina Duck For Man,1
Marina De Bourbon,Marina De Bourbon Monsieur Le Prince Intense,20
Dunhill,Dunhill Black,7
Versace,Versace Eros Pour Homme ,15
Calvin Klein,Calvin Klein Euphoria Set ,20
Giorgio Armani,Giorgio Armani Emporio Armani In Love With You ,13
Goutal Paris,Goutal Paris Eau de Monsieur EDT,11
Hugo Boss,Hugo Boss Boss Nuit Pour Femme,19
Exclusive Bundles,Sheookh Set,12
Ibraheem Al.Qurashi,Ibraheem Al.Qurashi Abaq Alroman Musk Spray,13
Guerlain,Guerlain Vetiver Extreme,18
Versace,Versace Eros Pour Homme ,12
SAP,SAP Patchouli Intense Extrait De Parfum,5
Hermes,Hermes L'Ombre Des Merveilles,14
Karl Lagerfeld,Karl Lagerfeld Classic,18
Jimmy Choo,Jimmy Choo Blossom Special Edition EDP,1
Burberry,Burberry Body,15
Nicolai,Nicolai Patchouli Hair Mist,20
Al Dakheel Oud,Al Dakheel Oud Jadilah Group ,14
Oud Lover,Oud Lover Box Amer Aloud,9
Hermes,Hermes Twilly D'Hermes Eau PoivrÃƒÂ©e Set ,12
Creed,Creed Neroli Sauvage,12
Calvin Klein,Calvin Klein CK Everyone EDT,19
Coach,Coach Dreams,1
Atelier Flou,Atelier Flou Katana,7
Gucci,Gucci Premiere EDT,15
Mercedes-Benz,Mercedes,2
Elie Saab,Elie Saab Le Parfum L'Eau Couture,2
Hermes,Hermes Eau Des Merveilles,16
Al Dakheel Oud,Al Dakheel Oud Dehn Oud Alfakher Perfume Oil,12
Guerlain,Guerlain Jardins de Bagatelle EDP,14
Hermes,Hermes Rocabar,5
Nicolai,Nicolai Oud Sublime Elixir De Parfum,7
Tom Ford,Tom Ford Velvet Orchid,10
Ralph Lauren,Ralph Lauren Safari For Men,10
Tous Les Jours,Tous Les Jours Perfume Day 70,2
Ramon Monegal,Ramon Monegal Faisa Pure Joy EDP,8
Mont Blanc,Mont Blanc Emblem Gift Set ,17
Ormonde Jayne,Ormonde Jayne Isfarkand Elixir EDP,17
Memo Paris,Memo Paris Cuirs Nomades Sicilian Leather EDP,19
Lacoste,Lacoste Eau De Lacoste Sensuelle,20
Alexandre.J,Laurent Mazzone Ambre Boheme EDP,15
Caron,Caron Pour Un Homme De Caron,16
Chopard,Chopard Neroli A La Cardamone Du Guatemala,8
Boucheron,Boucheron Santal De Kandy,12
Tous Les Jours,Tous Les Jours Perfume Day 47,2
Tom Ford,Tom Ford Noir Anthracite,15
Black Dust,Black Dust Rina EDP,10
OJAR,Ojar Stallion Soul EDP,4
Ella K,Lengling No. 4 In Between Parfum EDP,3
Tous Les Jours,Tous Les Jours Amour,15
Bvlgari,Bvlgari Le Gemme Reali Veridia,7
Paloma Picasso,Paloma Picasso Paloma Picasso,2
Xerjoff,Xerjoff Oud Stars Gao EDP,14
Robert Graham,Robert Graham Valour Blended Essence EDP,4
Profumo di Pantelleria,Profumo di Pantelleria Joyann EDP,19
Maqam,Maqam Base of Soul EDP ,8
Paris Hilton,Paris Hilton Gift Set ,3
Bvlgari,Bvlgari The Roman Night,20
Jo Malone,Jo Malone London Incense & Cedrat,12
Bvlgari,Bvlgari Le Gemme Reali Nylaia,7
Jaguar,Jaguar Innovation,2
Jo Malone,Jo Malone Pomegranate Noir EDC,12
Cartier,Cartier La Panthere,20
Boadicea,Boadicea Legend Hair Mist,11
Burberry,Burberry Summer,20
Calvin Klein,Calvin Klein Endless Euphoria,17
Giorgio Armani,Giorgio Armani Lei,6
Parfums GrÃ¨s,Parfums Gres Cabotine Rose,9
Batalat,Batalat Moroccan Double Super Oud ,20
Remal,Remal Taif Rose Bakhoor ,6
Santi Burgas,Santi Burgas Lojazz,1
Creed,Creed Jasmin Imperatrice Eugenie,19
Xerjoff,Xerjoff Shooting Stars Wabar EDP,14
Roger & Gallet,Roger & Gallet Open White EDT,16
Ajwa,Ajwa Home Powder ,13
Juicy Couture,Juicy Couture Juicy Couture,3
Versace,Versace Eros Gift Set ,19
Chopard,Chopard Oud Malaki,7
EstÃƒÂ©e Lauder,Estee Lauder Pleasure Intense,13
Guerlain,Guerlain Santal Royal Hair Mist,4
Stephane Humbert,Stephane Humbert Lucas 777 Une Nuit a Doha EDP,10
Givenchy,Givenchy Pour Homme,4
Elizabeth Arden,Elizabeth Arden Untold Luxe EDP,2
Chanel,Chanel Bleu De Chanel Aftershave Lotion ,1
Unknown,Ralph Lauren The Big Pony Collection 2,6
Bvlgari,Bvlgari Splendida Jasmin Noir,20
EstÃƒÂ©e Lauder,Estee Lauder Pleasure Intense,13
Giorgio Armani,Giorgio Armani Acqua Di Gioia,11
Lootah,Lootah Bint Al Shyookh Incense ,19
Elizabeth Arden,Elizabeth Arden Red Door,10
Parfums de Marly,Marly Pegasus,19
Gucci,Gucci Bloom Set ,8
Valentino,Valentino Voce Viva Intensa EDP,20
Van Cleef & Arpels,Van Cleef & Arpels Orchid Leather EDP,7
Tom Ford,Tom Ford Violet Blonde,12
Mont Blanc,Mont Blanc Legend Night Set ,13
Dolce & Gabbana,Dolce & Gabbana The One Mysterious Night Collector Edition ,18
Ghawali,Xerjoff Casamorati La Tosca,19
Jennifer Lopez,Jennifer Lopez Glow,7
Versace,Versace Eros Pour Femme Gift Set ,2
Versace,Versace Dylan Blue Set ,20
Tous Les Jours,Tous Les Jours Perfume Day 348,2
Miris,Miris Estelle EDP,17
Oud Lover,Oud Lover Bakhoor Oud Alarabia ,18
Al Dakheel Oud,Al Dakheel Oud Musk Pomegranate Scent EDP,10
Gucci,Gucci Tears Of Iris EDP,1
Chaugan,Chaugan Fleur De Pavot EDP,13
Kenzo,Kenzo Jungle Homme,17
Bvlgari,Bvlgari Le Gemme Onekh,9
Hermes,Hermes Eau de Mandarine Ambree,17
Exclusive Bundles,Originality Set,5
Narciso Rodriguez,Narciso Rodriguez Santal Musc Eau De Parfum Intense,1
Lalique,Lalique Nilang,18
Hugo Boss,Hugo Boss Oud Aromatic,9
Miris,Miris Alpas EDP,1
Lacoste,Lacoste Eau De Lacoste,14
Jimmy Choo,Jimmy Choo Blossom,14
Tiziana Terenzi,Tiziana Terenzi Sirrah Extrait De Parfum,2
Junaid Perfumes,Junaid Perfumes Elements ,7
Narciso Rodriguez,Narciso Rodriguez For Her Perfume Set ,12
Emanuel Ungaro,Emanuel Ungaro Ungaro Masculin EDT,5
Tous Les Jours,Tous Les Jours Perfume Day 374,12
Bvlgari,Bvlgari Omnia Golden Citrine EDT,18
Versace,Versace Dylan Turquoise Set ,13
Lalique,Lalique Amethyst,3
Armand Basi,Armand Basi In Red ,13
Joe Raad,Joe Raad Amethyst EDP,6
Kenzo,Kenzo Kenzo Flower Love Gift Set ,16
Paris Hilton,Paris Hilton Rose Rush,9
Narciso Rodriguez,Narciso Rodriguez For Her Amber Musk,5
Al Dakheel Oud,Al Dakheel Oud Crown Body Mist ,8
Kenzo,Kenzo L'eau Par Eau Indigo EDP,16
Gucci,Gucci Bloom Nettare Di Fiori Intense,19
Britney Spears,Britney Spears Island Fantasy,5
Geparlys,Geparlys L'amoureuse Les Infinis EDP,1
Tom Ford,Tom Ford Beau De Jour All Over Body Spray ,16
EstÃƒÂ©e Lauder,Estelle Vendome Infinite Pleasure Only Girl EDP,14
Victoria's Secret,Victoria's Secret Pink Water Body Mist ,4
Elie Saab,Elie Saab Miniature Gift Set ,6
Roja,Roja Danger Pour Homme EDP,1
Remal,Remal Taif Rose Bakhoor ,13
Prada,Prada Olfactories Some Velvet Morning EDP,6
Olibere,Olibere Balinesque EDP,13
EstÃƒÂ©e Lauder,Estelle Vendome Infinite Pleasure Only Girl EDP,9
Atkinsons,Atkinsons Rose In Wonderland Perfume Oil,13
Hermes,Hermes Concentre d'orange verte EDT,1
Joe Raad,Nae'm Al Oud Set,19
